purchase;n_acts;bal_crdt_ratio;avg_prem_balance;retail_crdt_ratio;avg_fin_balance;mortgage_age;cred_limit
1;2;0.3;61;11.49123;1767.197;155;0
0;19;4.2;967;0;249;65;10000
0;0;36.09506;2494.414;11.49123;1767.197;138.9601;0
0;0;36.09506;2494.414;11.49123;1767.197;138.9601;0
0;1;25.7;2494.414;11.49123;1767.197;138.9601;0
0;6;45.6;195;0;0;13;13800
0;3;10.8;2494.414;11.49123;1767.197;138.9601;0
